,Product Name,Company Name,Pack Of,Price
0,Solid Men Round Neck Multicolor T-Shirt,Park Avenue,Pack of 3,TK 659
1,Printed Men Round Neck Black T-Shirt,Jack & Jones,,TK 449
2,"Striped Men Round Neck Blue, Yellow T-Shirt",Try This,,TK 440
3,Solid Men Hooded Neck Black T-Shirt,TheFashionPlus,,TK 297
4,"Typography Men Hooded Neck Orange, White, Black T-Shirt",SHAPPHR,,TK 293
5,"Striped Men Hooded Neck Red, Black T-Shirt",Helmont,,TK 284
6,"Color Block Men Hooded Neck Red, Black T-Shirt",Rebound,,TK 209
7,Solid Men Hooded Neck Black T-Shirt,Rebound,,TK 198
8,"Printed Men Hooded Neck Dark Green, Black T-Shirt",Tripr,,TK 281
9,"Solid Men Hooded Neck Red, Black T-Shirt",LIFEIDEA,,TK 284
10,Solid Men Mandarin Collar Green T-Shirt,Seven Rocks,,TK 394
11,"Solid Men Polo Neck White, Black T-Shirt",Try This,,TK 445
12,Color Block Men Round Neck Green T-Shirt,Viluxi,,TK 299
13,Solid Men Round Neck Multicolor T-Shirt,Scott International,Pack of 3,TK 499
14,Striped Men Round Neck Yellow T-Shirt,Seven Rocks,,TK 440
15,Solid Men Hooded Neck Maroon T-Shirt,TheFashionPlus,,TK 297
16,Solid Men Hooded Neck Black T-Shirt,Yes'No,,TK 199
17,"Solid Men Mandarin Collar White, Black T-Shirt",FastColors,,TK 305
18,Striped Men Round Neck Blue T-Shirt,Reya,,TK 375
19,"Solid Men Round Neck Dark Green, White, Maroon, Black T...",London Hills,Pack of 4,TK 949
20,Typography Men Hooded Neck Multicolor T-Shirt,Tripr,,TK 305
21,Striped Men Hooded Neck Maroon T-Shirt,Helmont,,TK 284
22,Color Block Men Round Neck Black T-Shirt,SEVEN ROCKS,,TK 499
23,Solid Men Round Neck Grey T-Shirt,Billion,,TK 274
24,Color Block Men Round Neck Multicolor T-Shirt,Tripr,Pack of 3,TK 612
25,Solid Men Hooded Neck Dark Green T-Shirt,The Fashionplus,,TK 284
26,Color Block Men Round Neck Black T-Shirt,Try This,,TK 339
27,Color Block Men Round Neck Blue T-Shirt,Diwazzo,,TK 299
28,"Color Block Men Round Neck Black, White T-Shirt",FastColors,,TK 299
29,Striped Men Collared Neck Blue T-Shirt,Corsair,,TK 559
30,Color Block Men Round Neck Blue T-Shirt,Viluxi,,TK 299
31,Checkered Men Collared Neck Blue T-Shirt,Try This,,TK 445
32,"Striped Men V Neck Maroon, Grey T-Shirt",Tripr,,TK 323
33,Solid Men V Neck Multicolor T-Shirt,WEFT,Pack of 2,TK 449
34,Solid Men Mandarin Collar Blue T-Shirt,Reya,,TK 292
35,Typography Men Hooded Neck Red T-Shirt,Kay Dee,,TK 284
36,Striped Men Round Neck Black T-Shirt,Reya,,TK 375
37,Solid Men Hooded Neck Yellow T-Shirt,Helmont,,TK 284
38,Solid Men Hooded Neck Black T-Shirt,Seven Rocks,,TK 475
39,Checkered Men Polo Neck White T-Shirt,Raymond,,"TK 1,049"
40,"Solid Men Polo Neck Dark Blue, White T-Shirt",Seven Rocks,,TK 429
41,"Solid Men Mandarin Collar Blue, Maroon, Black T-Shirt",FastColors,Pack of 3,TK 719
42,Solid Men Hooded Neck Black T-Shirt,Tripr,,TK 313
43,Solid Men Round Neck Multicolor T-Shirt,Park Avenue,Pack of 3,TK 659
44,Solid Men Round Neck Maroon T-Shirt,T-HUSTLER,,TK 296
45,Solid Men Hooded Neck Black T-Shirt,Thefashionplus,,TK 299
46,Striped Men Round Neck Maroon T-Shirt,Reya,,TK 375
47,Color Block Men Round Neck Yellow T-Shirt,Viluxi,,TK 299
48,Solid Men Mandarin Collar Light Green T-Shirt,Try This,,TK 394
49,Printed Men Round Neck Black T-Shirt,Jack & Jones,,TK 449
50,Solid Men Mandarin Collar Dark Blue T-Shirt,Seven Rocks,,TK 399
51,Printed Men Hooded Neck White T-Shirt,Rockhard,,TK 299
52,Solid Men Hooded Neck Grey T-Shirt,Ronit Leading Clothing,,TK 284
53,Solid Men Round Neck Multicolor T-Shirt,Scott International,Pack of 3,TK 499
54,Solid Men Hooded Neck Black T-Shirt,Tripr,,TK 369
55,Solid Men Mandarin Collar Dark Blue T-Shirt,Try This,,TK 399
56,"Solid Men Mandarin Collar White, Blue T-Shirt",FastColors,,TK 299
57,"Color Block Men Round Neck White, Black, Yellow T-Shirt",Maniac,,TK 296
58,"Printed Men Hooded Neck Red, Black T-Shirt",Tripr,,TK 281
59,"Solid Men Round Neck Dark Green, White, Maroon, Black T...",London Hills,Pack of 4,TK 949
60,Solid Men Mandarin Collar Blue T-Shirt,FastColors,Pack of 2,TK 535
61,"Color Block Men Polo Neck Maroon, Blue T-Shirt",Try This,,TK 459
62,Color Block Men Round Neck White T-Shirt,SEVEN ROCKS,,TK 499
63,Solid Men Round Neck Grey T-Shirt,Billion,,TK 274
64,Color Block Men V Neck Maroon T-Shirt,Try This,,TK 299
65,Solid Men Mandarin Collar Maroon T-Shirt,Try This,,TK 424
66,Solid Men Hooded Neck Grey T-Shirt,TheFashionPlus,,TK 284
67,"Solid Men Hooded Neck Black, Red T-Shirt",hero & piyush,,TK 208
68,Color Block Men Round Neck Orange T-Shirt,Fascista,,TK 299
69,Solid Men V Neck Multicolor T-Shirt,WEFT,Pack of 2,TK 449
70,"Color Block Men Round Neck Maroon, Black T-Shirt",FastColors,Pack of 2,TK 519
71,Solid Men Mandarin Collar Maroon T-Shirt,Reya,,TK 292
72,"Color Block Men Round Neck Orange, Blue, White T-Shirt",Ronit,,TK 399
73,Checkered Men Polo Neck White T-Shirt,Raymond,,"TK 1,049"
74,"Solid Men Polo Neck White, Black T-Shirt",Seven Rocks,,TK 449
75,"Printed Men Round Neck Dark Blue, Red, Dark Green T-Shi...",Tripr,Pack of 3,TK 675
76,"Printed Men Round Neck White, Dark Blue T-Shirt",Tripr,,TK 297
77,Solid Men Round or Crew Black T-Shirt,UZEE,,TK 284
78,Solid Men Collared Neck Purple T-Shirt,SEVEN ROCKS,,TK 399
79,Color Block Men Polo Neck Multicolor T-Shirt,U.S. POLO ASSN.,,TK 749
80,"Printed Men Round Neck White, Black T-Shirt",Smartees,Pack of 3,TK 585
81,Solid Men Round Neck Black T-Shirt,Tees Collection,,TK 399
82,Color Block Men Round Neck Red T-Shirt,Try This,,TK 399
83,Solid Men Round Neck Multicolor T-Shirt,Park Avenue,Pack of 3,TK 659
84,Solid Men Turtle Neck Black T-Shirt,Try This,,TK 399
85,Solid Men Collared Neck Dark Blue T-Shirt,Peter England,,TK 489
86,Solid Men Hooded Neck Black T-Shirt,RAWHIT,,TK 299
87,Typography Men Hooded Neck Black T-Shirt,Kay Dee,,TK 284
88,Solid Men Mandarin Collar Black T-Shirt,Seven Rocks,,TK 399
89,Printed Men Round Neck Black T-Shirt,Jack & Jones,,TK 449
90,"Solid, Printed, Striped, Color Block Men Round Neck Gre...",VERO LIE,,TK 379
91,Striped Men Round Neck Grey T-Shirt,Seven Rocks,,TK 449
92,Solid Men Mandarin Collar Maroon T-Shirt,FastColors,Pack of 2,TK 519
93,"Solid Men Round Neck Dark Green, White, Maroon, Black T...",London Hills,Pack of 4,TK 949
94,Striped Men Hooded Neck Red T-Shirt,SCATCHITE,,TK 341
95,Solid Men Mandarin Collar Black T-Shirt,Try This,,TK 399
96,Striped Men Hooded Neck Multicolor T-Shirt,JOYCOOTS,Pack of 2,TK 549
97,Solid Men Collared Neck Red T-Shirt,Black Collection,,TK 599
98,"Solid Men Mandarin Collar Blue, Black T-Shirt",FastColors,Pack of 2,TK 548
99,Solid Men Round Neck Grey T-Shirt,Billion,,TK 274
100,Striped Men Round Neck Dark Blue T-Shirt,UZEE,,TK 284
101,"Color Block Men Round Neck Red, Black, Grey T-Shirt",Seven Rocks,,TK 440
102,"Color Block Men Hooded Neck Light Green, Black T-Shirt",Helmont,,TK 284
103,Solid Men V Neck Multicolor T-Shirt,WEFT,Pack of 2,TK 449
104,"Color Block Men Round Neck Red, Black, Grey T-Shirt",Wrath,,TK 399
105,"Solid Men Mandarin Collar Blue, Maroon T-Shirt",FastColors,Pack of 2,TK 479
106,Solid Men Turtle Neck Black T-Shirt,Black Collection,,TK 579
107,"Solid Men Polo Neck Dark Blue, White T-Shirt",Try This,,TK 429
108,"Solid Men Hooded Neck Orange, Black, White T-Shirt",Tricky Wear,,TK 259
109,Solid Men Round Neck Multicolor T-Shirt,Scott International,Pack of 3,TK 499
110,Color Block Men Round Neck Multicolor T-Shirt,Tripr,Pack of 2,TK 474
111,Color Block Men Round Neck Blue T-Shirt,Diwazzo,,TK 299
112,"Color Block Men Round Neck Orange, White, Blue T-Shirt",Rockhard,,TK 299
113,Checkered Men Polo Neck White T-Shirt,Raymond,,"TK 1,049"
114,Color Block Men Round Neck Green T-Shirt,Dark Culture,,TK 299
115,"Solid Men Round Neck Maroon, White T-Shirt",FastColors,,TK 303
116,"Solid Men Round Neck Red, Blue, Yellow T-Shirt",FastColors,Pack of 2,TK 519
117,Solid Men Hooded Neck Orange T-Shirt,SlowLoris,,TK 299
118,Printed Men Hooded Neck Black T-Shirt,Rockhard,,TK 299
119,Color Block Men Polo Neck Multicolor T-Shirt,U.S. POLO ASSN.,,TK 749
120,"Printed Men Hooded Neck Black, Grey T-Shirt",Tripr,,TK 281
121,"Color Block Men Hooded Neck Blue, White T-Shirt",SHAPPHR,,TK 293
122,Color Block Men Round Neck Multicolor T-Shirt,Celebrino,Pack of 6,TK 674
123,Solid Men Round Neck Multicolor T-Shirt,Park Avenue,Pack of 3,TK 659
124,"Printed Men Hooded Neck Black, Yellow T-Shirt",Maniac,,TK 419
125,Printed Men Round Neck Black T-Shirt,WRODSS,Pack of 2,TK 494
126,"Solid Men Round Neck Dark Blue, Red, Black T-Shirt",FastColors,,TK 305
127,"Color Block Men Hooded Neck Black, White, Red T-Shirt",DAGCROS,Pack of 2,TK 599
128,Striped Men Polo Neck Blue T-Shirt,Seven Rocks,,TK 449
129,Printed Men Round Neck Black T-Shirt,Jack & Jones,,TK 449
130,Printed Men Round Neck Multicolor T-Shirt,BULLMER,Pack of 3,TK 698
131,"Checkered Men Round Neck Dark Green, Black T-Shirt",Maniac,,TK 375
132,"Striped Men Round Neck Black, Yellow T-Shirt",UZEE,,TK 269
133,"Solid Men Round Neck Dark Green, White, Maroon, Black T...",London Hills,Pack of 4,TK 949
134,Striped Men Round Neck Dark Blue T-Shirt,Seven Rocks,,TK 399
135,Color Block Men Round Neck Grey T-Shirt,The EG Store,,TK 312
136,Solid Men Mandarin Collar Maroon T-Shirt,FastColors,,TK 287
137,"Typography Men Hooded Neck Grey, White, Black T-Shirt",SHAPPHR,,TK 293
138,Solid Men Hooded Neck Black T-Shirt,hero & piyush,,TK 284
139,Solid Men Round Neck Grey T-Shirt,Billion,,TK 274
140,Solid Men Round Neck Dark Green T-Shirt,AXOLOTL,,TK 370
141,"Solid Men Mandarin Collar Blue, Maroon, Black T-Shirt",FastColors,Pack of 3,TK 639
142,Solid Men Turtle Neck Black T-Shirt,Black Collection,,TK 599
143,Solid Men V Neck Multicolor T-Shirt,WEFT,Pack of 2,TK 449
144,Color Block Men Polo Neck Multicolor T-Shirt,Seven Rocks,,TK 404
145,"Printed Men Round Neck Yellow, Black T-Shirt",Tripr,,TK 281
146,Solid Men Round Neck White T-Shirt,FastColors,,TK 296
147,Color Block Men Hooded Maroon T-Shirt,SHAPPHR,,TK 284
148,Solid Men Hooded Neck Yellow T-Shirt,Adiba Fashion Factory,,TK 259
149,Solid Men Round Neck Multicolor T-Shirt,Scott International,Pack of 3,TK 499
150,"Color Block Men V Neck Dark Blue, Grey T-Shirt",Tripr,,TK 281
151,"Striped Men Round Neck Green, White, Dark Blue T-Shirt",AELOMART,,TK 489
152,Color Block Men Round Neck Red T-Shirt,The EG Store,,TK 331
153,Checkered Men Polo Neck White T-Shirt,Raymond,,"TK 1,049"
154,"Color Block Men Round Neck Beige, Maroon T-Shirt",Try This,,TK 395
155,Color Block Men Round Neck White T-Shirt,FastColors,,TK 305
156,"Solid Men Round Neck Dark Blue, Black, Grey T-Shirt",FastColors,,TK 303
157,Striped Men Polo Neck Multicolor T-Shirt,GENTINO,,TK 509
158,Solid Men Hooded Neck Maroon T-Shirt,Tricky Wear,,TK 259
159,Color Block Men Polo Neck Multicolor T-Shirt,U.S. POLO ASSN.,,TK 749
160,Solid Men Round Neck Blue T-Shirt,Try This,,TK 355
161,"Striped Men Round Neck White, Blue T-Shirt",FastColors,,TK 303
162,"Checkered Men Hooded Neck Black, Grey T-Shirt",Tripr,,TK 257
163,Solid Men Round Neck Multicolor T-Shirt,Park Avenue,Pack of 3,TK 659
164,"Striped Men Hooded Neck Black, Grey T-Shirt",Helmont,,TK 284
165,Solid Men Hooded Neck Red T-Shirt,SHAPPHR,,TK 284
166,"Striped Men Hooded Neck Dark Blue, Red, White T-Shirt",BLIVE,,TK 241
167,"Solid Men Round Neck Red, Black T-Shirt",Tfurnish,,TK 379
168,Solid Men Hooded Neck Black T-Shirt,Rockhard,,TK 279
169,Printed Men Round Neck Black T-Shirt,Jack & Jones,,TK 449
170,"Color Block Men Hooded Neck Black, Red T-Shirt",hydey,,TK 289
171,Solid Men Round Neck Multicolor T-Shirt,FastColors,,TK 379
172,Printed Men Hooded Neck Black T-Shirt,Tripr,,TK 241
173,"Solid Men Round Neck Dark Green, White, Maroon, Black T...",London Hills,Pack of 4,TK 949
174,Printed Men Round Neck Multicolor T-Shirt,Tripr,Pack of 3,TK 564
175,"Printed Men Round Neck White, Black T-Shirt",Smartees,Pack of 3,TK 585
176,Printed Men Hooded Neck Yellow T-Shirt,Rockhard,,TK 299
177,Color Block Men Round Neck Blue T-Shirt,AARCADIAN,,TK 240
178,Solid Men Hooded Neck Dark Green T-Shirt,Tripr,,TK 284
179,Solid Men Round Neck Grey T-Shirt,Billion,,TK 274
180,"Color Block Men Hooded Neck White, Black T-Shirt",KAY DEE,,TK 284
181,Graphic Print Men Round Neck Black T-Shirt,Tripr,,TK 304
182,Printed Men Round Neck Black T-Shirt,EG,,TK 284
183,Solid Men V Neck Multicolor T-Shirt,WEFT,Pack of 2,TK 449
184,Solid Men Mandarin Collar Maroon T-Shirt,Seven Rocks,,TK 424
185,"Color Block Men Hooded Neck Black, White T-Shirt",SHAPPHR,,TK 293
186,"Striped Men Hooded Neck White, Black T-Shirt",Katso,,TK 341
187,Solid Men Polo Neck Green T-Shirt,Peter England,,TK 439
188,"Printed Men Hooded Neck Black, Yellow T-Shirt",Tripr,,TK 281
189,Solid Men Round Neck Multicolor T-Shirt,Scott International,Pack of 3,TK 499
190,Color Block Men Round Neck Multicolor T-Shirt,Tripr,,TK 241
191,"Solid Men Round Neck White, Black T-Shirt",Aelomart,,TK 359
192,"Color Block Men Hooded Neck Orange, White, Blue T-Shirt",SHAPPHR,,TK 293
193,Checkered Men Polo Neck White T-Shirt,Raymond,,"TK 1,049"
194,Printed Men Round Neck Multicolor T-Shirt,BULLMER,Pack of 3,TK 698
195,Solid Men Round Neck Black T-Shirt,kamedge,,TK 259
196,Printed Men Round Neck White T-Shirt,UZEE,,TK 239
197,Solid Men V Neck Multicolor T-Shirt,Tripr,,TK 232
198,"Color Block Men Round Neck White, Grey T-Shirt",Try This,,TK 375
199,Color Block Men Polo Neck Multicolor T-Shirt,U.S. POLO ASSN.,,TK 749
